{
  "project_info": {
    "project_number": "439234781960",
    "firebase_url": "https://revitsone-demo.firebaseio.com",
    "project_id": "revitsone-demo",
    "storage_bucket": "revitsone-demo.appspot.com"
  },
  "client": [
    {
      "client_info": {
        "mobilesdk_app_id": "1:439234781960:android:add6664e60ba6ecd",
        "android_client_info": {
          "package_name": "com.example.examplerealtime"
        }
      },
      "oauth_client": [
        {
          "client_id": "439234781960-aono4st8bmub8aa7vp03hmg39u4j266q.apps.googleusercontent.com",
          "client_type": 3
        }
      ],
      "api_key": [
        {
          "current_key": "AIzaSyDlpKyaZHhF3I2kH_NLoGQuln4KfclIC0E"
        }
      ],
      "services": {
        "appinvite_service": {
          "other_platform_oauth_client": [
            {
              "client_id": "439234781960-aono4st8bmub8aa7vp03hmg39u4j266q.apps.googleusercontent.com",
              "client_type": 3
            }
          ]
        }
      }
    }
  ],
  "configuration_version": "1"
}